id,name,latitude,longitude,city,county,access_type,dogs_allowed,parking,restrooms,managing_agency
1270,Seal Beach,33.740726,-118.109428,Seal Beach,Orange,Beach Access,,Yes,Yes,
1271,Seal Beach Pier,33.739218,-118.106377,Seal Beach,Orange,Pier,,Yes,Yes,
1273,Surfside Beach,33.723568,-118.079678,Surfside,Orange,Beach Access,,No,No,
1274,Boardwalk and viewpoint (Huntington Harbour North),33.728119,-118.082319,N. end of Huntington Harbour,Orange,Natural Resource,No,No,No,
1275,Waterfront Walkway (Peter's Landing),33.724983,-118.077265,Huntington Harbour,Orange,Visual Access,No,Yes,No,
1276,Sunset Beach,33.717868,-118.073476,Huntington Beach,Orange,Beach Access,,Yes,Yes,
1277,Huntington Harbour,33.72001,-118.063674,Huntington Beach,Orange,Boat Access,,Yes,Yes,
1278,Warner Avenue Access,33.712124,-118.055463,Huntington Beach,Orange,Boat Access,,Yes,No,
1279,French Park,33.723633,-118.067752,Huntington Beach,Orange,Beach Access,,Yes,No,
1280,Trinidad Park,33.726517,-118.065777,Huntington Beach,Orange,Beach Access,,Yes,Yes,
1281,Seabridge Park,33.726678,-118.071837,Huntington Beach,Orange,Beach Access,,Yes,Yes,
1282,Sunset Aquatic Marina,33.729638,-118.072491,Huntington Beach,Orange,Boat Access,,Yes,Yes,
1283,Bolsa Chica Interpretive Center,33.711348,-118.06149,Huntington Beach,Orange,Natural Resource,,Yes,Yes,
1284,Bolsa Chica State Beach,33.707662,-118.060734,Huntington Beach,Orange,Beach Access,,Yes,Yes,
1285,Bolsa Chica Ecological Reserve,33.695575,-118.046719,Huntington Beach,Orange,Natural Resource,,Yes,Yes,
1286,Bolsa Chica State Beach Campground,33.692133,-118.044305,S. of entrance to Bolsa Chica State Beach,Orange,Campground,,Yes,Yes,
1287,Dog Beach (Huntington Beach),33.675997,-118.028063,Huntington Beach,Orange,Beach Access,Yes,Yes,Yes,
1288,Colonial Inn Hostel,33.661544,-118.001344,Huntington Beach,Orange,LCOA,,Yes,Yes,
1289,Huntington City Beach (6th Street),33.657853,-118.00409,Huntington Beach,Orange,Beach Access,No,Yes,Yes,
1290,Huntington Beach International Surfing Museum,33.659175,-118.000741,Huntington Beach,Orange,Historic/Cultural Site,,Yes,Yes,
1291,Huntington Beach Pier,33.656809,-118.002388,Huntington Beach,Orange,Pier,,Yes,Yes,
1292,Huntington City Beach,33.649946,-117.992591,Huntington Beach,Orange,Beach Access,,Yes,Yes,
1293,Wetlands and Wildlife Care Center,33.64376,-117.979774,Huntington Beach,Orange,Historic/Cultural Site,,No,No,
1294,Huntington Beach Wetlands,33.642267,-117.974084,Huntington Beach,Orange,Natural Resource,,No,No,
1295,Huntington Beach Wetlands / Talbert Marsh,33.636579,-117.962506,Huntington Beach,Orange,Natural Resource,,No,No,
1296,Huntington State Beach,33.639216,-117.974031,Huntington Beach,Orange,Beach Access,,Yes,Yes,
1297,Santa Ana River Trail,33.632934,-117.957308,Newport Beach,Orange,Natural Resource,Yes,No,No,
1298,Santa Ana River Mouth Beach,33.628985,-117.956851,seaward of Pacific Coast Hwy. Newport Beach,Orange,Beach Access,Yes,Yes,No,
1299,West Newport Beach,33.619853,-117.939854,Newport Beach,Orange,Beach Access,,Yes,Yes,
1300,Channel Place Park,33.621044,-117.936942,Newport Beach,Orange,Beach Access,,No,Yes,
1301,Newport Island Park,33.618917,-117.934237,Newport Beach,Orange,Beach Access,,No,,
1302,Lido Park,33.616505,-117.926474,Newport Beach,Orange,Beach Access,,No,,
1303,Oceanfront Walk,33.616085,-117.935613,Newport Beach,Orange,Beach Access,,Yes,No,
1304,Newport Pier,33.607705,-117.928825,Newport Beach,Orange,Pier,,Yes,Yes,
1305,Balboa Beach,33.603904,-117.915307,Newport Beach,Orange,Beach Access,,Yes,Yes,
1306,Balboa Pier,33.600712,-117.900076,Newport Beach,Orange,Pier,,Yes,Yes,
1307,Las Arenas Beach,33.608704,-117.924821,Balboa Peninsula,Orange,Beach Access,,Yes,,
1308,10th Street Beach,33.606266,-117.912996,Newport Beach,Orange,Beach Access,,No,,
1309,Montero Beach,33.605799,-117.904588,Newport Beach,Orange,Beach Access,,No,,
1310,Newport Harbor,33.609704,-117.921133,Newport Beach,Orange,Boat Access,,Yes,Yes,
1311,Beacon Bay Beach,33.610068,-117.899456,Newport Beach,Orange,Beach Access,No,Yes,No,
1312,Balboa Island,33.606879,-117.88982,Newport Beach,Orange,Beach Access,,Yes,Yes,
1313,ExplorOcean,33.60307,-117.90052,Newport Beach,Orange,Historic/Cultural Site,,Yes,Yes,
1314,Balboa Pavilion,33.602577,-117.899047,Newport Beach,Orange,Historic/Cultural Site,,Yes,Yes,
1315,Peninsula Park (Newport Beach),33.600823,-117.899483,Newport Beach,Orange,Beach Access,,Yes,No,
1316,Bay Beaches,33.599767,-117.886896,Newport Beach,Orange,Beach Access,,Yes,No,
1317,Bayfront Walkway,33.602842,-117.899322,Balboa Peninsula,Orange,Beach Access,,Yes,No,
1318,West Jetty View Park,33.595579,-117.882025,Newport Beach,Orange,Beach Access,,Yes,No,
1319,Bayside Drive County Beach,33.602561,-117.882999,Corona del Mar,Orange,Beach Access,,Yes,Yes,
1320,China Cove Beach,33.596891,-117.879167,Corona del Mar,Orange,Beach Access,,No,No,
1321,Pirates Cove,33.595166,-117.878073,Corona del Mar,Orange,Beach Access,,No,No,
1322,Corona del Mar State Beach,33.594004,-117.876799,Corona del Mar,Orange,Beach Access,,Yes,Yes,
1323,Inspiration Point,33.592329,-117.871383,Corona del Mar,Orange,Beach Access,,No,No,
1324,Little Corona del Mar Beach,33.590144,-117.869376,Corona del Mar,Orange,Beach Access,,No,Yes,
1325,Castaways Park,33.619042,-117.905907,Newport Beach,Orange,Natural Resource,Yes,Yes,No,
1326,Environmental Nature Center,33.623089,-117.908213,Newport Beach,Orange,Natural Resource,,Yes,Yes,
1327,Westcliff Park,33.621942,-117.898741,Newport Beach,Orange,Visual Access,Yes,Yes,No,
1328,Newport Aquatic Center at North Star Beach,33.625315,-117.893525,Newport Beach,Orange,Boat Access,,Yes,Yes,
1329,Galaxy Park,33.627776,-117.89073,Newport Beach,Orange,Visual Access,Yes,Yes,No,
1330,Upper Newport Bay Ecological Reserve,33.642359,-117.887284,Newport Beach,Orange,Natural Resource,,Yes,Yes,
1331,Peter and Mary Muth Interpretive Center,33.653338,-117.885033,Newport Beach,Orange,Natural Resource,,Yes,Yes,
1332,Vista Point (Upper Newport Bay),33.645175,-117.870764,Newport Beach,Orange,Visual Access,,Yes,No,
1333,Newport Dunes Waterfront Resort and Marina,33.615432,-117.892569,Newport Beach,Orange,Beach Access,Yes,Yes,Yes,
1334,Back Bay View Park,33.613656,-117.891411,Newport Beach,Orange,Visual Access,,No,No,
1335,Back Bay Science Center,33.620978,-117.891341,Newport Beach,Orange,Natural Resource,,Yes,Yes,
1336,Crystal Cove State Park (Pelican Point),33.582703,-117.849215,,Orange,Beach Access,,Yes,Yes,
1337,Crystal Cove State Park,33.573673,-117.839919,between Corona del Mar and Laguna Beach,Orange,Beach Access,,Yes,Yes,
1338,Crystal Cove Historic District,33.574948,-117.840356,,Orange,Beach Access,,Yes,Yes,
1339,Crystal Cove State Park (Reef Point),33.566602,-117.830338,,Orange,Beach Access,,Yes,Yes,
1340,El Moro Visitor Center,33.56647,-117.822281,1 mi. S. of Los Trancos Canyon,Orange,Natural Resource,,Yes,Yes,
1341,Moro Canyon,33.561231,-117.821762,,Orange,Campground,,Yes,Yes,
1342,Laguna Coast Wilderness Park,33.566501,-117.764854,Laguna Beach,Orange,Natural Resource,,Yes,Yes,
1343,Smithcliffs View Park,33.54976,-117.803866,Laguna Beach,Orange,Park,No,No,No,
1344,Crescent Bay (Laguna Beach),33.547255,-117.802013,Laguna Beach,Orange,Beach Access,,No,Yes,
1345,Crescent Bay Point Park,33.546791,-117.803819,Laguna Beach,Orange,Visual Access,,Yes,No,
1346,Shaw's Cove,33.546491,-117.798236,Laguna Beach,Orange,Beach Access,,Yes,No,
1347,Fisherman's Cove,33.545359,-117.794874,Laguna Beach,Orange,Beach Access,,Yes,No,
1348,Divers Cove,33.545162,-117.79476,Laguna Beach,Orange,Beach Access,,Yes,Yes,
1349,Picnic Beach,33.544608,-117.793419,Laguna Beach,Orange,Beach Access,,Yes,Yes,
1350,Heisler Park,33.543819,-117.791029,Laguna Beach,Orange,Beach Access,,Yes,Yes,
1351,Rockpile Beach,33.543416,-117.790514,Laguna Beach,Orange,Beach Access,,No,No,
1352,Main Beach (Laguna Beach),33.542156,-117.785489,Laguna Beach,Orange,Beach Access,,Yes,Yes,
1353,Pacific Marine Mammal Center,33.57309,-117.76247,Laguna Beach,Orange,Natural Resource,,Yes,Yes,
1354,Central Laguna Beaches (Sleepy Hollow Ln. to Thalia St.),33.537125,-117.780594,Laguna Beach,Orange,Beach Access,,Yes,No,
1355,Central Laguna Beaches (Anita St. to Pearl St.),33.534528,-117.778499,Laguna Beach,Orange,Beach Access,No,Yes,No,
1356,Wood's Cove,33.526588,-117.770485,Laguna Beach,Orange,Beach Access,,No,No,
1357,Ruby Street Park,33.52605,-117.769543,Laguna Beach,Orange,Visual Access,,No,No,
1358,Moss Point,33.525413,-117.768686,Laguna Beach,Orange,Beach Access,,No,No,
1359,Beach Access (Coast Hwy.),33.539553,-117.78129,Laguna Beach,Orange,Beach Access,No,No,No,
1360,Victoria Beach,33.52054,-117.763609,Laguna Beach,Orange,Beach Access,,Yes,No,
1361,Treasure Island Park,33.51344,-117.755711,Laguna Beach,Orange,Beach Access,Yes,Yes,Yes,
1362,Treasure Island Beach,33.513577,-117.756834,Laguna Beach,Orange,Beach Access,,Yes,Yes,
1363,Aliso Beach Park,33.509368,-117.751923,South Laguna,Orange,Beach Access,,Yes,Yes,
1364,Camel Point Beach,33.507008,-117.750605,South Laguna,Orange,Beach Access,,Yes,Yes,
1365,Camel Point Beach Access #2,33.507783,-117.749597,South Laguna,Orange,Beach Access,No,No,Yes,
1366,Camel Point Beach Access #3,33.507397,-117.749052,South Laguna,Orange,Beach Access,No,No,Yes,
1367,West Street Beach,33.504423,-117.747944,South Laguna,Orange,Beach Access,,Yes,No,
1368,Table Rock Beach,33.502285,-117.74656,South Laguna,Orange,Beach Access,,Yes,No,
1369,Thousand Steps Beach,33.498261,-117.74027,South Laguna,Orange,Beach Access,,Yes,Yes,
1370,Aliso and Wood Canyons Wilderness Park,33.552135,-117.718174,Laguna Niguel,Orange,Natural Resource,,Yes,Yes,
1371,Salt Creek Beach Park,33.476079,-117.721919,Dana Point,Orange,Beach Access,,Yes,Yes,
1372,Blufftop Path (Ritz-Carlton Hotel),33.475583,-117.718125,Dana Point,Orange,Visual Access,,No,No,
1373,Three Arch Cove Beach,33.48477,-117.734118,South Laguna,Orange,Beach Access,,No,No,
1374,Strand Beach,33.466384,-117.716273,Dana Point,Orange,Beach Access,,Yes,Yes,
1375,Dana Point Headlands,33.460868,-117.714647,Dana Point,Orange,Visual Access,,Yes,Yes,
1376,Nature Interpretive Center,33.461608,-117.711364,Dana Point,Orange,Historic/Cultural Site,,Yes,Yes,
1377,Ken Sampson Lookout,33.463719,-117.706587,Dana Point,Orange,Visual Access,,Yes,No,
1378,Baby Beach,33.46269,-117.70433,,Orange,Beach Access,,Yes,Yes,
1379,Heritage Park,33.462911,-117.697063,Dana Point,Orange,Park,Yes,Yes,No,
1380,Lantern Bay Park,33.463198,-117.692986,Dana Point,Orange,Park,,Yes,Yes,
1381,Dana Point Harbor,33.460714,-117.692512,Dana Point,Orange,Boat Access,,Yes,Yes,
1382,Catalina Express Terminal,33.460124,-117.692016,Dana Point,Orange,Boat Access,,Yes,Yes,
1383,Dana Point Harbor Linear Park,33.458415,-117.700003,Dana Point Harbor,Orange,Park,,Yes,Yes,
1384,Ocean Institute,33.461342,-117.706747,Dana Point,Orange,Beach Access,,Yes,Yes,
1385,Doheny State Beach,33.462436,-117.686164,Dana Point,Orange,Beach Access,,Yes,Yes,
1386,Louise Leyden Park,33.462018,-117.677306,Capistrano Beach,Orange,Visual Access,,Yes,No,
1387,Capistrano Beach Park,33.455112,-117.668552,Capistrano Beach,Orange,Beach Access,,Yes,Yes,
1388,Poche Beach,33.440618,-117.64511,Capistrano Beach,Orange,Beach Access,,Yes,No,
1389,Ole Hanson Beach Club,33.431793,-117.63127,San Clemente,Orange,Beach Access,,Yes,Yes,
1390,San Clemente City Beach,33.430503,-117.631455,San Clemente,Orange,Beach Access,,Yes,Yes,
1391,San Clemente Beach Trail Access (Dije Ct.),33.429053,-117.628404,S. of Dije Ct.,Orange,Beach Access,No,Yes,No,
1392,San Clemente City Beach (W. El Portal),33.427381,-117.627339,aka Calle Oso,Orange,Beach Access,No,Yes,No,
1393,San Clemente Beach Trail Access (W. Mariposa),33.425143,-117.624508,,Orange,Beach Access,No,Yes,No,
1394,Leslie Park,33.411689,-117.611668,San Clemente,Orange,Park,,No,No,
1395,San Clemente Beach Trail,33.42306,-117.623371,San Clemente,Orange,Natural Resource,Yes,No,No,
1396,Linda Lane City Park,33.423262,-117.622536,San Clemente,Orange,Park,Yes,Yes,No,
1397,Linda Lane Blufftop View Area,33.42358,-117.621717,San Clemente,Orange,Visual Access,No,No,No,
1398,San Clemente City Beach (Corto Ln.),33.422553,-117.620987,,Orange,Beach Access,No,Yes,No,
1399,San Clemente Municipal Pier,33.419557,-117.620202,San Clemente,Orange,Pier,,Yes,Yes,
1400,San Clemente City Beach (Avenida Esplanade),33.416551,-117.61696,,Orange,Beach Access,No,Yes,Yes,
1401,San Clemente Beach Trail Access (Calle Los Alamos),33.411222,-117.6102,,Orange,Beach Access,No,Yes,No,
1402,San Clemente City Beach (Plaza a la Playa),33.408706,-117.608946,,Orange,Beach Access,No,Yes,No,
1403,Calafia Beach Park,33.405504,-117.606237,San Clemente,Orange,Beach Access,,Yes,Yes,
1404,San Clemente State Beach,33.402724,-117.602689,San Clemente,Orange,Beach Access,,Yes,Yes,
